-1|가엾은 축구야 그동안 열심히 했는데 아직도 배울게 아주 많구나
-2|근데 이해가 안되 비모 난 이제 진짜 여자 아기잖아
-3|라일락향기도 맡을 수 있고 땅콩 내놓으라고 고함지르는 다람쥐 소리도 들을 수 있어
-4|세상에 난 아직도 실감이 안나
-5|아니야 축구야 그걸론 부족해 예의범절도 배워야돼 안그럼 넌 외톨이가 될거야
-6|외톨이? 하지만 나한텐 니가있잖아 비모
-7|내가 언제나 널 지켜줄 순 없어 축구야 그러니까 너도 배워야돼
-8|이거봐, 이건 자몽숟가락이야
-9|자몽을 먹을때만 이걸 써, 이건 소금통이라는거야
-10|자, 너도해봐
-11|으흐 헤헤헤헤 흐 헤헤
-12|이건 순무짜는 도구야
-13|즙을 짜는거지, 그리고 차는 이렇게 마시는거야
-15|너무쓰다 
-16|아니아니 축구야 이렇게
-17|이렇게?
-18|아니 이렇게
-19|이렇게 맞지?
-21|푸르르르르르
-22|축구야 미안해 오늘 수업은 끝이야
-23|너희들 기분이 왜그래?
-24|흐하하하 히
-25|착한아이에 대해서 내가 좀 알지
-26|이리와서 엄지손가락을 이 구멍에 넣어봐
-28|나랑 재밌는 비디오게임 할사람
-29|또 놀러올게
-30|빵아가씨에게 물었지 남편은 어떻게 됬냐고
-31|남편도 빵이냐고 빵은 엄청 많아요
-32|뭐 잘못했어?
-33|핀 오늘 밖에 못나가?
-34|오..
-35|그럼 나랑 놀아
-36|흐하하하하 흐흐흐 흐흐
-37|핀 우리 경찰 도둑 놀이하자!
-38|당장 은행계좌를 말해라 빵빵!!
-39|지붕으로가! 황금덩어리 전부다 내놔라!
-40|걱정마 핀 나야나 비모
-41|내가 도둑으로 변장한거야
-43|예쁜 핀이 망가지고있어
-45|못생긴 악마같아 
-46|아냐 괜찮아 고마워
-47|내걱정 말고 잘들 다녀와
-48|핀? 제이크?
-49|친구야 안녕?
-50|오, 안녕 넌 누구니?
-51|내이름은 축구야 넌 이름이 뭐야?
-52|난 비모야
-53|비모 너 로봇이니?
-54|오 아냐 축구야 난 살아있는 어린이야
-55|오 정말 잘됐다 비모
-56|살아있는게 어떤건지 가르쳐줄래?
-57|물론이지 잘봐
-58|와우
-59|오 비모 너진짜 최고다
-60|칭찬 고마워 축구야 사실 별거 아니야
-61|곰돌이 귀여워
-62|핀 때문에 무서워서
-63|어떻게 어떻게 제이크 나 무서워
-64|비모살려
-65|저기있어
-66|거의 다했어
-67|핀은 비모가 방귀뀌면 좋아했단 말이야
-68|제이크 내가 이기면 한달동안 나한테 사부님이라고 불러야돼
-69|아니 난 그런게임 절대안해
-70|비모 여깄다 내가 진짜 공격했으면 넌 죽은목숨이야
-71|어떡해 혹시 니가 그 게임에서 이기고있어?
-72|큰일난거야
-73|제이크는 그 게임에서 지면 우울의 늪에서 헤어나오지 못해
-74|내가 이겼더니 나랑 한달동안 말도 안했어
-75|안됐지만 일부러 져줘야돼
-76|풋볼, 그게 무슨소리야
-77|비모, 난 거짓말을 못하는 성격이라고
-78|오늘따라 되게 멋지고 똑똑해보인다니까?
-79|오 풋볼 고마워|
-80|널 너무너무 사랑해
-81|따르릉 여보세요? 풋볼?
-82|나 비모야
-83|어 그냥 사랑한다고 말하고 싶어서 걸었어
-84|내가 비밀하나 말해도돼?
-85|사랑한다구
-86|이제 너도 나한테 비밀하나 털어놔
-87|그럼, 오늘하루 바꿔서 살아보는건 어때?
-88|그래 풋볼, 왜냐면 널 사랑하니까
-89|그럼 내일 여기서 만나 풋볼
-90|이상하다
-91|진짜 이상하네
-92|여보세요?
-93|풋볼, 별일 없는거지? 여기안은 좀 이상해
-94|가까이 와서 말해 뭐라는지 잘 안들려
-95|안돼 안돼 안돼 풋볼 안돼
-96|풋볼?
-97|괜찮아 왜그랬는지 이해해
-98|나도 그 화장실은 별로 맘에 안들더라
-99|왜냐면 널 사랑하니까?
-100|핀 제이크 나 돌아왔어 나 돌아왔어 진짜 왔다고
-101|알았어 얼마든지
-102|빨간깔데기 완전 보고싶었어
-103|만세!
-104|방목해서 키운 달걀 하나 투척!
-105|미안
-106|잘 숙성된 치즈맨
-107|바로 짠 캐첩
-108|신선한 후추방귀
-109|흔들어 파슬리
-110|생생하게 살아있는 특별한 샌드위치
-111|빙고 만든사람은 비모
-112|그입 다물어 제이크
-113|샌드위치 니꺼 맞는데 조건이 있어
-114|오늘 하루동안 니가 내 말이되주는거야
-115|실감나는 카우보이 액션모험을 할 생각이거든
-116|난 이 샌드위치 만드느라 여섯시간이나 걸렸단 말이야
-117|게다가 이 재료들 사는 시간은 어떻고
-118|유기농 마트까지 특별히 갔다왔다고
-119|한시간에 샌드위치 한개로 퉁치자
-120|최소 여섯시간
-121|됐다 신단다
-122|말로 변신해라 파트너
-123|아 뭐하는거야 지금 너무 건성이잖아
-124|뭐, 그정도면
-125|착하지
-126|이제 내가 널 탈거야
-127|내 계획은 못된 악당들을 지옥에 떨어뜨리고 세상에 정의를 가져오는거지
-128|아 그리고말이야 제이크 지금부턴 날 이렇게불러
-129|그 옛날 난 세상 최고의 무법자였어 등에는 바람을 업고 어깨엔 악마를 들쳐맸지
-130|이제난 그런자들을 쫓는사람이 됬어 하지만 악마는 떠나지않고 내 소파에서 잠을자지
-131|말은 말하지 않아 저쪽으로!
-132|엄마젖을 먹고있는 새끼 돼지들을 몰래 훔쳐서 지명수배된 녀석이군
-133|마지막으로 있던곳이 죽은 염소의 협곡이야
-134|어떻게 생각해 말?
-135|이 악당녀석을 잡아서 포상금 반땅할래?
-136|내 말에게 휴식이 필요한 모양이군
-137|조심해 제이크 여기가 바로 잭 토끼존슨의 한심한 악당일당들이 숨어있는곳이야
-138|우리한테 왜이러는거야
-139|그럼 이번엔 니가말해봐라
-140|아니 저건 잭 토끼존슨의 오른팔 가시덤불 더크
-141|자 니동료한테 전갈을 보내라
-142|옛 친구 엔젤페이스가 무척이나 만나고 싶어한다고
-143|근데 진흙탕평원이 어딘지 기억이 안나네
-144|우선 모닥불부터 피우자 그리고 포상금 받으면 그걸로 뭐할지 얘기나 나눠보자고
-145|그치만 모험은 마무리 하고싶단 말이야
-146|상관없어 저건 내 포상금이야
-147|나이 먹을만큼 먹었으니까
-148|다땠어
-149|이구역의 사냥꾼은 나야
-150|이 포상금은 내꺼야 저리 썩 꺼져
-151|어 게임저장 게임저장
-152|잠깐만
-153|진짜 있는데 실종됐데
-154|그 나쁜놈
-155|난 무슨역할이야?
-156|쉿 우린 잠수함에 탔어
-157|탔어 봐
-158|정신 집중하게 제군 자네가 그렇게 아끼는 아이들이 있는 집으로 데려다주겠네
-159|니 엉덩이는 좀 오싹한데
-160|내가보기엔 저거 예쁘던데
-161|그리고 날 깜짤 놀래줄 특별한 선물도 갖고오겠지?
-162|모는 세상에서 제일 똑똒한 사람이야
-163|모는 너보다 더 똑똑하 너보다도 그리고 제이크 너보다도
-164|너도 사실 역대급으로 똑똑한데
-165|모는 로봇에 대해서 모르는게 없어 나도 만들었고 자기도 만들었고 다른 모들도 만들었어
-166|파던로봇도 고칠수 있을껄
-167|나몰라 나몰라 왔나봐
-168|모가 아니였네
-169|고마워요
-170|잘먹어야 쑥쑥크지
-171|와 신난다
-172|임무요?
-173|다같이 하는거에요?
-174|파던로봇 고치기?
-175|와우
-176|근데 핀과 제이크가 그리우면요?
-177|그럼 핀과 제이크가 날 그리워하면요?
-178|공기? 거기있니 공기? 나야비모
-179|참 오랜만에 얘기 나누는것같네
-180|오랜만이라 미안해
-181|근데 뭐 별로 말하고싶지 않으면 듣기만 해도 괜찮아
-182|모는 내가 이걸 마치고 나면 어른이 될꺼래
-183|그건 괜찮은거같아 뭐랄까
-184|어른이 되면 혼자 차를몰고 놀이터에도 갈 수 있고
-185|혼자 마트에가서 고무젖꼭지도 살 수 있을꺼야
-186|근데 내가 달라져도 핀과 제이크가 날 사랑해줄까?
-187|내 마음도 변치 않을까?
-188|모는 몸이 달라졌는데도 예전하고 똑같은거같아
-189|그런데 어른이 되면 몸만변할까 아님 영혼도 변할까?
-190|그냥 영원히 이대로 있어도 난 괜찮은데
-191|안녕 디모, 혼자해야될 생일임무가 있어서 왔어
-192|디모, 어떻게 된거야?
-193|어, 알았어
-194|에이 난 잘모르겠어 디모
-195|저기요?
-196|디모 이봐요 누구없어?
-197|엑스가 적힌 문이 열려서 나 밑으로 떨어졌어
-198|임무가 뭔가 잘못된거같은데
-199|어.. 임무중단!
-200|아니면, 혹시 이것도 전부 모의 계획인가
-201|그런것 같진 않지만 그게 핵심일지도 몰라
-202|그게 교훈일지도 몰라, 어른이되면 나한테 아무리 힘든일이 있어도 아니면 아무리 좋은일이있어도 지금처럼 쉽게 말할 수 없을거란 뜻일지도 모르잖아?
-203|아니? 모아니고 나야 비모
-204|넌 누구야? 너도 모인거야?
-205|어 잘이해가 안되는데
-206|근데 어떻게 나가지?
-207|그럼 최선을 다해볼게
-208|그럼 이 쓰레기를 써서 환기구까지 올라가면?
-209|이방 보자마자 머리가 쭈뼛서는 느낌이야
-210|뭐 그러면 내 생일선물로 모한테 에이모를 고쳐달라고 해야겠다
-211|모는 지금 우리집에 핀이랑 제이크랑 있는데?
-212|흐흐흐 자기 몸보다도 큰거같은 가발을
-213|뿔을 가발밑에 숨겼나봐
-214|니가 누군줄도 알고 무슨짓을 했는지도 다 알아
-215|핀하고 제이크 어딨어!
-216|핀하고 제이크하고 형제들한테 무슨짓 했는지 말해
-217|너 선을 넘어도 한참넘었어
-218|생일의 주인공은 널 놓치지 않아
-219|말해 에이모
-220|사기꾼 그 기억장치 내놔
-221|그건 니사정이고
-222|그건 안될거같아 난 덜자랐어
-223|아니 이젠 너무 자라버렸나 방금 누굴 죽였어
-224|잠깐 혼자있고싶어 어쨌든 다들 정말 고마워
-225|이렇게 말도안되는 일은 처음이였어
-226|이안엔 모만있는게 아니야 나도있잖아
-227|성장한다는건 정말 복잡한일이야
-228|엄청난 하루네
0|물방울 물방울! 오 안돼 안돼
1|휘후후휘후후후히휘후 안녕 제이크 피 핀은 어딨어?
2|예에에에
3|가진걸 몽땅 내놔라! 나는 로빈훗이다
4|그건 안돼
5|하하
6|그렇게 턱수염이 있는건 턱스수도사가 아니지
7|흐하하헤히히헤히
8|덤벼라! 흐
9|흐 하 하
10|형편없군
11|워오
12|이이이이이
13|돈이 너무 많은게 문제야, 돈이 너무 많아서 나무집의 구조적 안전성이 무너지는 거라구
14|돈은 로빈훗한테 맡겨
15|흐응
16|허허허 로빈훗은 가난한자들의 수호자다
17|밧줄을 맞추려던 건데
18|이예
19|예이 나 옛날 얘기 듣고싶어
20|안녕 제이크
21|미안 제이크
22|오~ 이거 꽤 괜찮네
23|히야!
24|여덟시부터 열시까지는 가라데해도 된다면서 지금 가라데 시간이야.
25|제이~크
26|핀! 제이크! 무슨일이야?
27|으아아아
28|흥 히야 햐
29|흐엑? 흐어으으에에
30|으아아아으윽
31|금방올까?
32|으아아아으아아
33|이론적으론 가능한 얘기네
34|제이크! 방법이 하나 있긴 있어
35|내가 배운 가라데 기술중에
36|일시적으로 심장을 멎게하는게 있는데
37|그 방법을 쓰면
38|유령파리와 직접 싸울시간 정도는 충분히 벌 수 있을거야
39|괜찮아 잡지보면서 배웠거든
40|농담하나 해봐
41|제이크를 죽였다!
42|이예! 비모!
43|제이크! 목소리는 안들려
44|오분있다가 심장이 다시 뛰게 만들거야 알았지?
45|이예 비모.. 비모는 정말 대단해
46|우! 우! 우!
47|멋지다 멋져 완전멋져!
48|죽인다!
49|신세하나 졌다
50|그만해 저기 오잖아
51|사랑해요 셰릴
52|운동할 시간~ 
53|저녁..?
54|저녁식사 초대해도 되지?
55|제이크 난 너한테 부탁도 잘 안하잖아 내가 언제 부탁하는거 본적 있어?
56|으헤헹
57|넌 내 맘을 너무 몰라
58|저녁 같이먹어요 사랑해요 흥
59|그리고 칩스가 거북이에 걸려 넘어지는거 엄청 웃겼는데
60|슬프기도 했어요
61|인생의 덧없음을 생각하게하는 장면이었죠
62|드시고 싶다는걸로 드려!
63|근데~ 이름이 칩스앤 아이스크림이에요?
64|그렇구나
65|이게.. 대에박
66|오늘은 내 인생에서 제일 신나는 날~
67|어?
68|불쌍한 칩스랑 아이스크림
69|중요한걸 알 수 있을 것같아
70|알았어 어차피 다했어
71|드디어 계산이 다 끝났어!
72|생각했던 데로 얘들은 억양을 다르게 해가면서 자신만의 언어로 대화를 나눈거야
73|내가 방법을 알았어!
74|저기 왔다
75|아~ 창피해
76|핀이네?
77|안녕 핀~ 난 바람개비야~
78|여기봐 나 바람개비야~
79|나 절벽 다이빙해!
80|구멍을 판다고?
81|올려줘
82|제이크! 이렇게 무서운 물건은 함부로 만지면 안돼
83|난 니가 되고 싶었었는데 이젠 니가 땅이나 빨리 파면 좋겠어
84|좋은아침
85|다 마셔라
86|영원한 젊음
87|콧수염은
88|찬장에 들어가~
89|우! 나 뚜껑 열려
90|진짜 진짜 우으으 너무 화나!
91|쥐가 밀가루를!?
92|완전 열받아 나 진짜 화났어!
93|엄지 손가락 결투다!
94|엄지 결투!
95|으아아아아! 아아! 핀!
96|핀 나 나있지 나 여기 다쳐쪄
97|뽀뽀해줘
98|비모는 너무너무 나빠
99|내가 이겼다~!
100|그렇지 않아
101|아직 먹을 수 있어
102|오초의 법칙 있잖아
103|물론이지 내 엉덩이에 집어넣어
104|바닥에 앉아서 볼래? 나만 멀리 떨어져있는 기분이야
105|알았어
106|도와줄 친구들을 부르면 되지?
107|얼음대왕이 밖에서 전화를 하고 있어
108|암호를 해독할 수 있을  것같아 핀
109|내가 분석해본 결과 얼음대왕의 눈에서 흘러내리는 슬픙의 눈물에는 일정한 패턴이 있어
110|열세번째 방울까진 눈물이 양쪽에서 똑같은 속도로 흘러내려
111|그런데 그 다음엔 오른쪽 눈물만 두 방울이 흐르지
112|이게 힌트라면 열세번째 알파벳은 엠이야
113|얼음대왕이 엠이들어간 단어를 말할 때마다 엠을 찍어서 인쇄하면 이런그림이 나와
114|누가 핀을 해치려하면 내가 해치울게
115|아냐 괜찮아 고마워
116|내 걱정말고 잘들다녀와
117|핀? 제이크?
118|친구야 안녕?
119|오! 안녕 넌 누구니?
120|내 이름은 축구야 넌 이름이 뭐야?
121|난 비모야
122|비모 너 로봇이니?
123|오! 아냐 축구야
124|난 살아있는 어린이야
125|오오 정말 잘됐다 비모
126|살아있는게 어떤건지 가르쳐줄래?
127|물론이지 잘봐
128|호우~
129|와우~
130|어우어흐흑흐흐흐윽으우우우
131|핀 때문에 무서워서
132|제이크 난 무서워
133|비모 살려~
134|하아아우
135|핀은 비모가 방귀 뀌면 좋아했단 말이야
136|알았어
137|아니? 난 그런게임 절대 안해
138|제이크랑은
139|하하하! 내 공격을 막아보시지!
140|꽤나 해결하기 까다로운 사건이었지
141|하지만 친한 친구들이 싸우는걸 보기 싫었어
142|그래서 사건을 맡기로 했지
143|부리나케 달아나는게 아무래도 수상하군
144|안녕 로니
145|무슨일이야 비모
146|핀의 양말 어쨌어
147|무슨소리 하는지 하나도 모르겠어 비모
148|난 아무짓도 안했어 그냥 보내줘!
149|나도 잘아는 립스틱 자국이었지
150|로레인은 잘 지내나?
151|로레인 곁엔 얼씬도마
152|이젠 내 여자친구라고 알아들어?
153|뭘 그리 흥분하나 친구
154|나랑 로레인은 벌써 끝난 사이야
155|그래 생각만해도 질투가 나거든?
156|이 양말이 어디있는지만 말하면 조용히 보내주지
157|나도 몰라 비모
158|내 주먹맛을 봐야 정신이 번쩍 들겠나?
159|그래야 기억이 나겠어?
160|다 끝났으니까
161|그 말이 맞을 수 도 있었지만 난 뭔가 계속 찜찜했어
162|뭔가 중요한걸 놓치고있다는 느낌이 들었지
163|립스틱?
164|그 보물을 가지고 당장이리와 로레인!
165|로레인 잠깐!
166|그럼 그 양말은 어쨌어?
167|흐흐헤하하흑
168|부디 잘지내 로레인
169|핀! 핀! 니 양말 어딨는지 알아
170|이 베게속에 내내 있었나봐 이거 맞지?
171|생쥐 로니가 양말을 훔쳤는데
172|암탉 로렌이 로니를 시켜 베베를 죽게하고
173|데이비스 경관이 로니를 체포했지만
174|로레인은 보물을 챙겨서 멀리 도망쳤어
175|하지만 비모가 사건을 해결했지
176|비모 만세!
178|잘가 얘들아
179|난 이게 더 좋아
180|그거 진짜 나쁘다
181|우리 코코아 다 됐다!
182|흐하 내말 맞지?
183|썰매 타다가 엉덩이 다쳤어
184|걱정마 나 이래봬도 입 무거워
185|너희들 주려고 실력발휘좀 했어
186|배 많이 고프지?
187|안녕
188|으아! 뭐야 옆에 뜨거운기름 안보여? 빨리 저리가
189|안돼 비켜 저리 가란말이야
190|괜찮아 핀
191|니 친구라고 해서 착할줄 알았는데
192|아직 먹으면 안돼~ 거의다 됐으니까 기다려
193|다들 어서 빨리 준비해
194|얘들아! 그 말썽꾸러기가 창문으로 뛰쳐나가서 캔디왕국쪽으로 달아났어!
195|으흐하하하하하 으흐흐하하
196|니 강아지들한테도 이거 해주지 그래?
197|으흐하하하
198|브레이크댄스 멋지다
199|체키라웃 요~
200|아~ 하하하
201|이게 바로~
202|지렁이 동작!
203|흐읏차 흐응! 호이이예 오
204|아~
205|어떡해 너무 멀리와버렸어
206|좋아 조심하면 괜찮을거야
207|아아으아아아앍으아아아아 악!
208|오 안돼 내얼굴!
209|핀! 제이크!
210|내 얼굴에 뽀뽀해줘!
211|불러봤자 아무도없어
212|그래 아무도 물방울 안막아
213|아니 싫어
214|내가 아는 두영웅이 널 도와줄거야 
215|그래! 내가 집에 가는걸 도와주면
216|우리가 우리가 너희집 찾는걸 도와줄게
217|맞아 진짜 거대해
218|없지~!
219|우리집은 나무위에 싸
220|진짜 재밌어
221|좋아 억
222|너희집은 어때?
223|으 미안해 니 얘기 잘 못들었어
224|짐승이 나타나서 우릴 잡아먹으려나봐
225|물방울아 걱정마 내가 전부다 알아서 할게!
226|으으읏!
227|세상에 아기잖아
228|길을 잃었나봐 우리처럼!
229|우리가 데려가자?
230|아기한테도 우리가 집을 찾아주는거야!
231|아기가 진짜 잘생겼어
232|잘생긴 아기야
233|물방울아!
234|아기이름으로 뭐가 좋을까?
235|아니야~ 내가 보기엔 리키같이 생겼어
236|오! 물방울! 리키! 저기봐!
237|나쁜소식이야
238|보니까 저 다리엔 난간이 없어
239|다른 방법이없어 이번엔 진짜 짐승이 나타난것같아
240|리키! 니가 먼저 건너
241|넌 아주 아름다운 아기야
242|그리고 사랑해
243|리키! 어서가!
244|좋아 리키
245|천천히 조심해야돼!
246|어어 어떡해!
247|용기를 내자!
248|으아아아! 안돼~
249|리키 잠깐만
250|큰일났어 폭포야
251|물방울! 니가 우릴 구해줘야돼!
252|물방울 고마워
253|내 배터리가 흠뻑 젖었어
254|안녕
255|얘들아 잘잤어?
256|난 꿈도 안꾸고 푹잤어
257|우리 아기 배고파?
258|어떻게 해주면 좋을까?
259|감자 먹어!
261|짐승소리야!
262|얘들아 빨리 숨어!
263|얼른 이리와!
264|으흑 안돼 
265|물방울아 나 슬퍼
266|우리 리키 보고싶어
267|벌써 무지무지 보고싶어
268|핀도 보고싶고
269|제이크도 보고싶어
270|게다가 내 엉덩이 회로에 온통 흙도 묻었어
271|물방울아
272|나 다신 집으로 못돌아갈것만 같아 
273|오! 세상에 오오오 물방울아!
274|걔들 내가 아는 애들이야!
275|나랑 같이 사는애들! 내 친구들! 나랑 같이 사는 내 친구들!
276|드디어 우리집을 찾았어!
277|진짜 오랜만이야
278|빨리 버터바른 빵 먹고싶어
279|좀 기다려야겠다
280|아냐아냐 그렇지 않아
281|좋아 결혼해~
282|물방울아 널 이리 데려와서 정말 미안해 흐흐
283|물방울아 진짜 너야?
284|니 목소리는 들리는데 니가 안보여
285|세상에 내가 이상해진거야?
286|물방울아 무슨말이야?
287|예~
288|근데 그럼 이제 편안하니까 내가 필요없어?
289|근데 이거 왜 녹화해?
290|욕 조 욕조다~
291|내 얼굴 밀어줄 사람~?
292|소리 들으니까 행복해져
293|핀! 제이크!
294|비키니입은 예쁜이를 초대했어
295|이 노래 틀고 춤출거야
299|왜 말 안하냐구!
300|핀이랑 제이크가 어떻게 된거야!
301|핀이랑 제이크 몸에 유령이 들어갔어!
302|어흐 어떡해
303|어 어떡해 어떡해 어떡하면 좋아?
304|으아아아! 저리가! 진짜 제이크 어디갔어!
305|가짜 제이크! 넌 몸뚱이 도둑이야!
306|싫어! 저리가! 가짜들! 나 절대로 안나갈거야!
307|쟤들은 가짜야! 잡아라!
308|핀? 제이크? 너희 진짜야?
309|우리 이제 파티하자!
310|오 미안해
311|제이크 이세
312|시간여행을 망쳐서 정말 미안해
313|안녕 파트너
314|그 혈액샘플로 분석을했는데 드디어 결과가 나왔어
315|아니 누구의 피도 아니야
316|그건 피가 아니었거든
317|토마토 케찹이었어
318|예! 우! 우! 우!
319|알았어
320|으아아아 짐승처럼 공격한다!
321|제이크옷은 너무 막강해
322|내가 안그랬어 아 아무 아무짓도 안했어
323|아 아니야 난 괜찮아 진짜야
324|그래 좋아 가서 날 고쳐줘
325|빨리 새 새 새 새로운 코어시스템 드라이버를 설치해야돼
326|내 고향 나쁜땅에있는 모공장으로 가면 구할 수 있어
327|그래 난 이런 비상사태엔 공장으로가게 프로그램돼있어
328|서둘러! 이제 시 시 시 시간이 별로 안 남 남 남 남았어
329|좋아 이제 아래로 쭉 내려가
330|됐어! 여기서 오 오 오 오 왼쩍으로가
331|설명서를 보니까 고장난 모들을 고치기전에 기억을 몽땅 지워야한데
332|그러니까 고장났다고 하지마
333|안그럼 우리 추억이 전부다 사라질거야 오븐속의 눈물처럼
334|내 말이 그 말이야 아! 잠깐 설명서좀 보고
335|모 모공장에는 오직 모들만 들어갈 수 있다
336|뭐라고? 어 이제 어떡해
337|핀 이바보 이바보 이바보
338|이바 와! 너희 정말 감쪽같다
339|에스모 옆으로 데려다줘
340|해킹하면 내 드라이버 포트가 어디있는지 알아낼 수 있어
341|안녕 가족들!
342|맞아
343|땅에 닿자마자 샌드위칠 먹을것같아서 그랬어
344|오! 도움이 필요해? 내가 도와줄게 처리중
345|내가 해결책을 찾았어 제이크
346|그래 지금부터 나만 믿어
347|대신 서둘러야돼!
348|아니? 이게 다 작전이야
349|제이크 내 보드가 땅에 닿기전에 샌드위치를 되찾을 수 있을거야
350|예! 비모!
351|스모 스쿠터! 부릉 부릉 부릉~
352|우승!
353|제이크! 괜찮아?
354|몸을 늘려봐 그럼 과자가 저절로 빠지지 않겠어?
355|그런게 어딨어
356|빠졌어?
357|어때?
358|그러게 치실사라고 했잖아
359|카드를 입에 넣겠다고?
360|흐아 해냈구나 제이크 축하해!
361|별짓을 다해도 안빠지더니 드디어 카드로 해낸거야?
362|그래서 계속 그대로 둔다고?a
363|아니?
364|그러니까.. 공기연료 혼합가스가?
365|예! 비모는 예쁘고 똑똑해!
366|예! 최고!
367|야간근무할 시간~
368|도마뱀?
369|이게 뭐야~ 꼭 하마처럼 생겼잖아 도마뱀처럼 안생겼어
370|저리가 도마뱀
371|로켓 달았어
372|여자친구 없어?
373|고마워
374|엄청 똑똑한데 글쎄 여차진구가 없데요
375|안돼 핀 저건 도마뱀이야
377|도마뱀이다!
378|흑 이런법이 어딨
379|그게 아니라
380|화끈한 다니엘이 죽었잖아
381|기분 최고에요 
382|결혼식도 좋고~
383|꽃도 좋고~
384|사랑도 좋고~
385|아뇨~
386|어으.. 알았어요
387|그래요 귀엽고 착한애죠
388|아버지 잠수함에 오른지 일년이 됐어요
389|그런데 아직도 비명소리가 들려요
390|선택을 해야했어요
391|내 부하들의 목숨이냐
392|전 인류의 목숨이냐 어떤게 맞는거죠
393|말씀해주세요 전 정말 모르겠어요어억
394|이 비디오 평가해볼래?
395|나랑 재밌는 비디오 게임 할 사람~
396|내가 이번엔 특별히 새로운 게임을 만들었는데
397|제목은 이야기 퍼레이드야
398|저 하늘에 별을 무슨 생각해~
399|어째 반응이 영 시원치 않네~
400|배터리 없음
401|잘한다 잘한다 잘한다
402|호박 찾으러 간다
403|띠마띠마 띤띤
404|푸비 두비 파이 틴
405|하~
406|오 안돼 생각보다 훨씬 더 위험한 일이야
407|물론 가능하지 제이크, 내가 이 버튼을 누르면
408|내가 이 버튼을 누르면
409|너희 둘 다 내 중앙 두뇌 게임틀 내부로 
410|즉시 들어갈 순 있지만, 거긴 아주아주 위험해
411|안돼! 상상을 초월할 정도로 너무나 위험한 곳이야
412|더 이상 조르지마 
413|지금당장 지금당장 오 안돼!
414|늦었어 도망쳐
415|핀 내가 그렇게 단단히 경고를 했는데 이게 뭐야!
416|내 게임은 엉망진창이고 집은 이꼴이 됐잖아
417|난 코코아 좋아
418|그래~ 찍어놓은 장면이 너무 많아서
419|스무시간은 족히 걸려
420|핀 왜 싸워?
421|제이큰 니 친구 잖아
422|제익 자꾸 싸우면 안되는거 알잖아
423|로맨스든 액션이든 뭐가 그리 중요해
424|친구 맘아프게 하는게 몇밴 더 슬퍼
425|얘들아 너흰 이렇게 돌아설 친구아냐 잠시 멈춰서 돌이켜 봐
426|이제껏 함께한 시간 우우
427|따뜻하게 서로 한 번 껴안아줘
428|우정은 변치 않을거야
429|계산서 주세요
430|왜 왜 왜
431|비모 카메라로 변신
432|핀 우리끼리 짜고 일부러 져주는건데 어떻게 피를 흘려?
433|이비야야 예~
434|누가 유령인진 나도 몰라
435|난 그냥 기념사진 찍은건데
436|아냐 제이크 나쁜일이 일어나면 넌 그게 장난이라고 믿고싶어하지
437|하지만 때때로 인생은 무섭고 어두운거야
438|그래서 우린 불을 찾아야 하는거지
439|살려줘!
440|제이크 살려줘!
441|창문으로 살짝보고 누군지 확인해봐
442|그냥 피자배달일지도 몰라
443|나 이제 조용해
444|핀이 목욕할 시간이라고 알람이 울려, 핀! 옷벗어
445|나 혼자선 그런거 못해
446|그런 기능은 프로그램에 없거든
447|잠시 멈춤 버튼을 누른 상태에서 내 머리위에 있는 버튼을 같이 눌러
448|미안해
449|그래도 목욕은 해야지
450|나머지 눈도 안찌른걸 행운으로 알아
451|뚝 그치지 못해!
452|잠 깬거야?
453|그럼 이제 눈 뜰 거야?
454|무서워서 그래?
455|그럼 떠
456|그렇구나
457|나에 대해서 알게되는게 많네
458|안돼! 오늘은 안돼!
459|카드 전쟁은 안돼!
460|물건한테 말 거는 것 좀 봐
461|쟤를 정말 어쩌면 좋니?
462|그러니까 세상엔 아무이유도 없이 나쁜 마음을 가진 사람들이 있는데 그냥 적응하고 살아야 된다는거야?
463|어쨌든 내가 핀검 얼굴을 스티커로 만들었어
464|입술도 제대로 그린거 눈치챘어?
465|그래 바람 좋지
466|예! 바다 돼지비계!
467|안돼. 뇌 용량 너무 만이 잡아먹어
468|나도 말하고 게임 동시에 하긴 힘들어
469|세상에서 가장 아름다운 꿈을 꿨어